Competency Area,Topics,Must Have,Desirable,Advanced/ Best,Remarks
Database,RDMBS & OLTP Design,,,,
,Schema Design,"Understands how to define database tables, columns, and relationships.",Designs normalized schemas that ensure data integrity and efficiency.,"Creates scalable, flexible schemas that support evolving business requirements and high throughput.",
,Entity Relationship Modeling,Can create simple ER diagrams showing relationships between entities.,Designs complex ER models with one-to-many and many-to-many relationships.,"Optimizes ER models for large-scale systems, applying abstraction and inheritance patterns effectively.",
,Different types of Keys and Constraints,"Understands primary, foreign, and unique keys and basic constraints.","Applies composite keys, check constraints, and cascading rules properly.",Designs constraint strategies to enforce data quality and optimize referential integrity at scale.,
,Normalization (1NF–3NF) and controlled denormalization,Understands normalization forms and applies them to remove redundancy.,Balances normalization and denormalization for performance and reporting.,Designs hybrid models using controlled denormalization to optimize read/write trade-offs.,
,Transactional Processing,Understands what a transaction is and its importance for data consistency.,Implements multi-step transactional operations with rollback capabilities.,Designs high-throughput transactional systems with reliable transaction isolation and recovery mechanisms.,
,ACID principles,"Knows and explains Atomicity, Consistency, Isolation, and Durability concepts.",Designs operations ensuring ACID compliance for complex transactions.,"Tunes ACID properties for scalability, implementing distributed or eventual consistency where appropriate.",
,Locking & Concurrency,Understands how database locks prevent conflicting operations.,Manages isolation levels to balance consistency and concurrency.,Optimizes concurrency control strategies for high-load OLTP systems using row-level and optimistic locking.,
,Optimization," Proficient in SELECT, JOIN, GROUP BY, subqueries, basic window functions",,,
,Indexing strategies,Creates simple indexes to speed up lookups and joins.,Designs compound and covering indexes for query optimization.,Implements adaptive and partial indexing strategies tuned to query workload patterns.,
,Query execution plan interpretation,Reads basic execution plans to identify full scans and join types.,Interprets plans to pinpoint performance bottlenecks and inefficiencies.,Optimizes complex queries using advanced plan tuning and cost-based optimization techniques.,
,Partitioning/sharding basics,Understands what partitioning and sharding are conceptually.,Applies partitioning to improve performance and manage large tables.,Designs scalable sharding and distributed partitioning architectures for global OLTP systems.,
,"Understands SQL, NoSQL and their use cases",Knows the differences between SQL and NoSQL systems.,Selects appropriate data storage systems based on workload and schema flexibility.,Designs polyglot persistence architectures combining SQL and NoSQL for optimal performance and scalability.,
,"Release Management (migration scripts, rollbacks, versioning)",Applies schema changes using manual SQL scripts.,"Uses migration tools (e.g., Alembic, Flyway, Liquibase) for version control.",Designs automated migration workflows with rollback and CI/CD integration for zero-downtime releases.,
,Data Migration (transferring data across environments and systems),Performs basic data exports and imports between environments.,Automates data migration with validation and transformation logic.,"Designs large-scale, reliable migration strategies supporting incremental loads and schema evolution.",
SQL,Core Analytical & Engineering Competency,,,,
,"A. Fundamentals (DDL, DML, DQL)",,,,
,"Filtering, Grouping, Aggregations","Comfortable with filtering rows (WHERE), grouping data (GROUP BY), and applying aggregate functions like SUM, AVG, COUNT.","Uses HAVING with grouping, writes nested aggregations.","Optimizes aggregations for large datasets with rollups, cubes, or materialized views.",
,"Joins (Inner, Outer, Self, Cross, Left, Right)","Uses INNER, LEFT, and RIGHT joins effectively to combine datasets.","Understands FULL OUTER, CROSS, and SELF joins; applies them in real use cases.",Optimizes multi-join queries across large relational schemas.,
,Null handling,"Understands NULLs, IS NULL, and default values in queries.","Uses COALESCE, NULLIF, and CASE for flexible null handling.",Designs robust queries and transformations that handle nulls in complex pipelines.,
,B. Intermediate SQL,,,,
,Subqueries (Correlated and Uncorrelated),Writes simple uncorrelated subqueries.,Uses correlated subqueries effectively in filtering or transformations.,Refactors subqueries into optimized CTEs or joins for performance.,
,CTEs,Uses simple WITH clauses for readability.,Writes layered or recursive CTEs for moderately complex queries.,Structures multi-step query logic with multiple CTEs for production workloads.,
,"Window Functions (ROW_NUMBER, RANK, LAG, LEAD, moving averages)","Applies ROW_NUMBER, RANK, and simple LAG/LEAD for ordering.","Uses advanced windowing like moving averages, partitions, or percentiles.",Tunes heavy window functions for big data performance in distributed systems.,
,"Set operations (UNION, EXCEPT, INTERSECT)",Applies UNION and UNION ALL correctly.,Uses INTERSECT and EXCEPT for deduplication and comparisons.,Combines multiple set operations with performance optimization techniques.,
,"Conditional logic (CASE, COALESCE)",Uses CASE statements for basic conditional output.,Applies COALESCE and nested CASE for data transformation logic.,Designs complex conditional transformations in ETL pipelines.,
,NoSQL Queries,"Has awareness of querying styles in document/column stores (e.g., MongoDB aggregate pipeline).",Combines SQL and NoSQL queries in hybrid or federated systems.,,
,C. Advanced SQL,,,,
,Data Validation and Testing,Compares query outputs against expected results.,Writes validation queries for ETL and QA workflows.,Implements automated data testing and quality checks.,
,Transactions and Error Handling,Executes BEGIN/COMMIT/ROLLBACK in scripts.,Implements error handling in stored procedures.,Designs complex transactional logic across multiple tables or systems.,
,Stored Procedures and User-defined functions,Reads and uses existing stored procedures.,Writes simple stored procedures and user-defined functions.,"Optimizes, modularizes, and manages stored procedure libraries.",
,Recursive Queries,,"Writes recursive CTEs for hierarchy queries (e.g., org charts).",Optimizes recursive queries for performance in large datasets.,
,"Temp tables, materialized views",Uses temp tables for ad hoc analysis.,Creates materialized views for performance and reuse.,Designs and manages refresh strategies for production-grade materialized views.,
,"Dynamic SQL, parameterized queries",,Writes parameterized queries to prevent SQL injection.,"Implements dynamic SQL for flexible, automated pipelines.",
,Familiarity with ORMs,,Familiar with ORMs,,
,D. Performance and Optimization,,,,
,"Query optimization (EXPLAIN, indexing, query hints)","Can run EXPLAIN (or equivalent) to understand query plans at a basic level (e.g., see if indexes are used, detect full table scans).",Interprets execution plans to spot performance bottlenecks; rewrites queries to improve efficiency.,Uses query hints and advanced tuning techniques; understands cost-based optimizers and can fine-tune queries at scale.,
,"Index usage (B-tree, bitmap, clustered, covering indexes)",Understands and applies single-column B-tree indexes for filtering and joins.,"Familiar with composite indexes, clustered indexes, and covering indexes for complex queries.","Designs and manages specialized indexes (bitmap, partial, functional) for high-performance workloads.",
,Partitioning for performance,"Aware of what partitioning is and when it might help (e.g., splitting large tables by date).",Applies table partitioning in practice for moderately large datasets; understands partition pruning.,"Designs partitioning strategies for enterprise-scale data (hash, list, range); balances query performance with storage and maintenance.",
,Best practices for large-scale queries,"Writes queries that avoid common anti-patterns (e.g., SELECT * in production, unnecessary DISTINCT).","Optimizes queries that run on millions of rows, uses CTEs/materialized views for efficiency.","Applies best practices for distributed SQL engines (e.g., SparkSQL, BigQuery, Presto); tunes queries for parallelism and scalability.",
Python,Python for Data Engineering,,,,
,A. Python Core Competence,,,,
,"Core syntax & data types (numbers, strings, lists, dicts, sets, tuples)","Writes clean, readable Python code using core data structures effectively.",Knows when to use each data type for performance and memory efficiency.,Uses advanced Pythonic constructs and optimizes data structures for scalability.,
,"Control flow (loops, conditionals, comprehensions)","Uses loops, if-statements, and comprehensions to process data efficiently.",Applies list/dict comprehensions for concise and readable data transformations.,Writes generator expressions and leverages iterators for memory-efficient workflows.,
,"Functions, classes, and methods",Defines reusable functions and simple classes for modular code.,Understands object-oriented design and applies encapsulation and inheritance appropriately.,Implements advanced OOP and functional hybrid patterns for reusable data pipelines.,
,Modules & modular code patterns,Organizes code into modules and uses imports correctly.,Structures projects with clear separation of concerns using packages.,"Designs large, maintainable codebases using namespaces and dependency management.",
,Error handling & logging best practices,Uses try/except blocks to handle common runtime errors.,Implements structured logging and error propagation for visibility in data jobs.,Designs robust error-handling frameworks with custom exceptions and centralized logging.,
,"Functional programming (map, filter, reduce, lambdas, decorators)",Uses lambda functions and basic functional tools for transformations.,Combines functional constructs for concise ETL logic and clean transformations.,Creates decorators and higher-order functions to automate and optimize data workflows.,
,"Type hints & static analysis (mypy, Pyright)",Writes functions with type hints to improve readability and debugging.,Uses static analysis tools to catch type errors before runtime.,Enforces type safety across pipelines and integrates type checking into CI/CD.,
,Data validation (Pydantic),Uses Pydantic or similar libraries to validate structured data.,Designs schemas for complex nested data inputs and transformations.,Builds reusable validation layers for production data pipelines and APIs.,
,B. Data Engineering Essentials,,,,
,"File handling & data formats: CSV, JSON, Parquet",Reads and writes common file formats using built-in and standard libraries.,"Understands file compression, encoding, and schema inference.",Optimizes I/O for large-scale data handling using chunked reads/writes and async I/O.,
,"Data wrangling with pandas, NumPy, polars, pyarrow",Performs data cleaning and transformation with pandas or NumPy.,Uses vectorized operations and joins/merges efficiently.,"Chooses optimal libraries (e.g., Polars, PyArrow) for distributed and large-memory processing.",
,"API & HTTP requests: requests, aiohttp",Makes REST API calls using requests to extract or send data.,"Handles pagination, authentication, and response parsing.",Builds async data ingestion systems with aiohttp or other async frameworks.,
,"Data scraping with BeautifulSoup, Selenium",Extracts structured data from simple static web pages.,Handles dynamic content scraping and applies rate limiting.,Builds scalable scraping pipelines with headless browsers and concurrent workers.,
,"Database connectors: psycopg2, SQLAlchemy, pymongo",Connects to databases and runs queries using standard libraries.,"Uses connection pooling and ORM features for clean, maintainable code.",Designs abstraction layers for multi-database workflows and manages distributed transactions.,
,Writing SQL inside Python workflows,Embeds simple SQL queries within Python scripts or notebooks.,Integrates SQL dynamically using Jinja or parameterized queries for safety.,Automates SQL generation and orchestration for data pipelines and analytics jobs.,
,"Building ETL automation pipelines (extraction, transformation, loading)",Writes scripts to move data between sources and destinations.,Uses scheduling/orchestration tools like Airflow or Prefect for automation.,"Designs resilient, modular ETL frameworks supporting parallelism and monitoring.",
,Exploratory analysis & reporting in Jupyter Notebook,Uses notebooks for basic data exploration and visualization.,Structures notebooks with clear narratives and reproducible analysis.,Converts notebooks into production-ready reports and parameterized data apps.,
,C. Frameworks & Distributed Processing,,,,
,Workflow scripting for ETL orchestration,Can automate simple ETL tasks using Python scripts and cron jobs.,"Uses workflow managers (Airflow, Prefect, Luigi) to schedule and monitor ETL jobs.","Designs modular, event-driven orchestration systems with retries, alerts, and metadata tracking.",
,"Distributed data processing: PySpark, Dask (intro)",Understands the basics of distributed computing and can run simple PySpark or Dask jobs.,Uses distributed frameworks to process large datasets efficiently on clusters.,"Designs scalable distributed data pipelines optimized for partitioning, caching, and parallelism.",
,"Building APIs for data services (FastAPI basics, Flask/Django as alternatives)",Can build simple REST endpoints to expose data from local sources.,Implements parameterized APIs with validation and structured JSON responses.,"Designs scalable, secure API-based data services integrated with authentication and CI/CD.",
,Async programming (async/await in Python),Understands async/await syntax and its use for non-blocking operations.,Implements asynchronous I/O for concurrent data fetches and processing.,Designs fully async data ingestion and service layers with event loops and concurrency control.,
,Automation scripts for data validation & cleansing,Writes scripts to validate and clean raw datasets before loading.,"Automates repeated validation using configurable, reusable functions.",Builds robust data quality frameworks integrated with pipelines and alerting systems.,
,D. Software Engineering Practices,,,,
,"Version control with Git (branching, merging, PRs, shared codebase workflows)","Uses Git for basic commits, pushes, and pulls in personal projects.","Collaborates through branches, pull requests, and conflict resolution.","Implements Git-based workflows (GitFlow, trunk-based) for large multi-developer projects.",
,"Unit testing frameworks: pytest, unittest",Writes unit tests for core data functions to ensure correctness.,"Uses fixtures, mocks, and parameterized tests to cover multiple scenarios.",Integrates automated test suites in CI/CD with coverage reporting and regression detection.,
,"Code formatting & linting: black, flake8, isort",Formats code manually and understands basic style conventions (PEP8).,Uses automated linters and formatters to enforce consistent code quality.,Enforces project-wide linting and style checks as part of CI/CD workflows.,
,"Packaging & dependency management: pip, venv, pipenv, poetry",Uses pip and virtual environments to manage dependencies.,Creates reproducible environments with pipenv or poetry.,Publishes internal packages and manages dependency resolution across teams and projects.,
,CI/CD integration for Python pipelines,Understands basic concepts of continuous integration.,Configures CI/CD pipelines for testing and deploying Python code.,"Automates full deployment workflows with testing, linting, and container publishing.",
,Monitoring & logging integration in ETL jobs,Adds basic logging to track ETL script progress.,Implements structured logging and metrics collection for job health monitoring.,"Integrates observability (Prometheus, Grafana, ELK) for performance and anomaly detection.",
,E. Buildable Project Requirements (Capstone),,,,
,Design & implement an end-to-end ETL pipeline,"Builds simple scripts to extract, transform, and load data between files and databases.","Develops modular ETL pipelines with validation, error handling, and testing.","Designs production-grade ETL systems with distributed execution, CI/CD, and observability.",
,Data ingestion from API & files,Fetches and reads data from APIs and local files.,"Automates data ingestion with pagination, authentication, and incremental loads.",Builds scalable ingestion frameworks supporting multiple sources and formats.,
,Transformation with pandas/SQL,Performs data cleaning and aggregation with pandas or SQL queries.,Combines transformations across Python and SQL efficiently for ETL workflows.,"Optimizes transformations using distributed engines (Dask, Spark) for large-scale data.",
,Load into a relational/NoSQL database,Loads data into relational or NoSQL stores via connectors.,Uses bulk inserts and schema validation for reliable data loading.,Implements automated schema evolution and batch/stream hybrid loading mechanisms.,
,Serve processed data via a FastAPI endpoint,Exposes processed data via a simple API endpoint.,"Adds input validation, error handling, and documentation (OpenAPI).","Deploys scalable, production-grade data services with authentication and monitoring.",
,"Add validation (Pydantic), testing (pytest), and CI/CD workflow",Implements basic data validation and unit testing.,Integrates validation and testing steps into CI/CD pipelines.,"Enforces quality gates with automated validation, testing, and deployment workflows.",
,Optimize performance with parallelism/distributed processing (Dask/PySpark),Uses multiprocessing for simple parallel tasks.,Applies Dask or PySpark for moderately large data transformations.,Designs distributed pipelines optimized for shuffle minimization and cluster efficiency.,
,"Deploy pipeline with containerization (Docker intro, optional)",Understands Docker basics and can containerize simple Python apps.,Builds and runs containerized ETL pipelines locally or in cloud environments.,"Automates container builds and orchestration (Docker Compose, Kubernetes) for production deployments.",
ETL and Data Warehousing,ETL and Data Warehousing - OLAP Design,,,,
,A. ETL Foundations,,,,
,"ETL vs ELT: concepts, trade-offs, use cases",Understands the difference between ETL and ELT and when each is appropriate.,"Chooses the right pattern based on data volume, latency, and infrastructure.",Designs hybrid ETL/ELT architectures that leverage pushdown transformations efficiently.,
,Batch vs streaming/incremental loads,Knows how batch jobs differ from streaming and incremental updates.,Implements incremental updates using timestamps or change flags.,Designs near real-time streaming pipelines integrated with batch layers for low latency.,
,"Data ingestion: files (CSV, JSON, Parquet), APIs, S3 buckets, databases",Loads data from various file formats and APIs into a staging area.,Automates ingestion pipelines from multiple heterogeneous sources.,"Builds scalable, fault-tolerant ingestion systems with parallelism and schema inference.",
,"ETL transformations: cleansing, validation, enrichment, deduplication",Cleans and validates data manually within ETL scripts.,Implements reusable transformation modules for consistency and automation.,Designs enterprise-grade transformation frameworks with metadata-driven validation.,
,"Error handling, logging, and monitoring in pipelines",Handles and logs basic ETL job errors.,Adds structured logging and alerts for job failures.,Implements centralized monitoring with observability dashboards and automated recovery.,
,Metadata management & data lineage tracking,Records metadata manually or via naming conventions.,Uses tools or frameworks to track lineage and metadata automatically.,Integrates metadata and lineage into orchestration and governance systems for full traceability.,
,Scalability: processing small vs large datasets efficiently,Runs ETL jobs for small-to-medium datasets efficiently.,Tunes transformations and joins for performance on larger datasets.,Designs elastic ETL pipelines optimized for distributed and cloud-scale data processing.,
,B. Data Modeling for Warehousing,,,,
,OLTP vs OLAP: transactional vs analytical systems,Understands differences between OLTP and OLAP workloads.,Models data appropriately for analytical versus transactional use.,Designs hybrid architectures integrating OLTP and OLAP with minimal latency (HTAP).,
,Dimensional modeling basics: Star schema,Knows what a star schema is and when to use it.,Designs star schemas with clear fact and dimension separation.,"Builds complex, optimized star schemas supporting high concurrency analytics.",
,Dimensional modeling basics: Snowflake schema,Understands snowflake schema structure and normalization trade-offs.,Implements snowflake schemas for reusable dimension hierarchies.,Optimizes snowflake schemas for performance and query efficiency at scale.,
,Dimensional modeling basics: Fact tables & dimension tables,Identifies and creates fact and dimension tables for analysis.,Defines appropriate keys and relationships for joins.,Designs multi-fact models with conformed dimensions and surrogate key strategies.,
,Slowly Changing Dimensions (SCD Types 1–3),Understands the concept of SCDs and the difference between types.,Implements SCD Type 1 and Type 2 logic in ETL workflows.,Automates SCD handling using framework-based or CDC-driven architectures.,
,"Data mart vs enterprise data warehouse vs data lake vs lakehouse (Delta, Iceberg, Hudi)","Knows the purpose of data marts, warehouses, and lakes.",Differentiates storage and governance models across architectures.,Designs hybrid lakehouse architectures integrating streaming and ACID capabilities.,
,"Medallion architecture (bronze, silver, gold layers)",Understands the purpose of layered data processing.,"Implements basic medallion layers for staging, refined, and curated data.",Designs scalable medallion architectures with data quality checks and audit control at each layer.,
,C. Performance Engineering,,,,
,"Partitioning strategies (range, hash, composite)",Knows what partitioning is and its purpose in performance.,Implements range or hash partitioning for large tables.,Designs multi-level composite partitioning strategies for massive-scale datasets.,
,Clustering/distribution keys & sort keys,Understands how clustering or distribution affects performance.,Applies sort and distribution keys to optimize queries in DWH systems.,Tunes and rebalances distribution strategies for workload patterns dynamically.,
,Indexing strategies in OLAP vs OLTP systems,Knows the difference between indexes used in OLTP and OLAP.,Designs and maintains indexes to balance performance and cost.,Implements adaptive indexing and columnar optimization for analytical workloads.,
,Aggregation & summary tables,Builds simple aggregate tables for reporting.,Automates summary table generation to speed up analytics.,Designs materialized views and incremental aggregates for large-scale reporting systems.,
,CDC (Change Data Capture) concepts,Understands the concept of tracking changes in data sources.,Implements basic CDC using timestamps or log-based triggers.,"Designs full CDC pipelines using Debezium, Kafka, or database-native replication.",
,Optimizing query performance for large-scale analytics,Writes efficient queries with basic indexing and partition awareness.,"Uses caching, pruning, and aggregation techniques for faster queries.",Designs cost-based optimization strategies leveraging distributed query engines.,
,D. Data Warehouse Practices,,,,
,"Designing staging, raw, and curated layers",Separates raw and processed data logically in ETL workflows.,Implements layered data storage with clear quality checks.,"Designs scalable, versioned multi-layer architectures with governance and validation.",
,Schema evolution handling (additive vs breaking changes),Understands the impact of schema changes on pipelines.,Handles additive schema changes gracefully.,Automates schema evolution detection and reconciliation across layers.,
,"Data lineage tracking tools (e.g., OpenLineage, built-in cloud features)",Documents lineage manually using metadata or notes.,Uses basic lineage tools integrated with orchestration platforms.,Implements full lineage capture integrated with cataloging and observability systems.,
,"Security and access controls (RBAC, row-level security, column masking)",Applies simple role-based permissions in databases.,Implements row- and column-level security for sensitive data.,Designs enterprise-grade governance frameworks with dynamic masking and policy automation.,
,"Auditing & compliance considerations (GDPR, HIPAA basics for DWH)",Understands compliance and data privacy fundamentals.,Applies anonymization and audit logging to meet compliance.,Designs compliance-driven data architectures with automated policy enforcement.,
,Cost management in large-scale data pipelines,Tracks compute and storage costs manually.,Uses monitoring to optimize resource utilization.,Designs cost-aware architectures leveraging auto-scaling and query optimization.,
,E. Cloud Data Warehouses,,,,
,"Snowflake (Virtual warehouses, scaling, separation of compute/storage, Time travel & zero-copy cloning, Query optimization and caching, Cost considerations)",Runs basic queries and understands virtual warehouse concepts.,Tunes performance using caching and warehouse scaling.,Designs cost-efficient Snowflake architectures leveraging zero-copy cloning and time travel.,
,"Amazon Redshift (Distribution keys, sort keys, Spectrum, Concurrency scaling)",Runs basic Redshift queries and loads data into clusters.,Uses sort/distribution keys and Spectrum for external data.,Designs scalable Redshift workloads with concurrency scaling and WLM optimization.,
,Cloud-native elasticity vs static provisioning,Understands the difference between fixed and elastic resources.,Configures auto-scaling and on-demand compute in the cloud.,"Designs multi-cluster, auto-scaling architectures for peak workloads efficiently.",
,Cross-cloud data sharing & federation concepts,Understands data sharing and cross-cloud basics.,Implements basic data sharing between cloud platforms.,"Designs federated architectures enabling secure, cross-cloud analytics and governance.",
,F. Buildable Project Requirements (Capstone),,,,
,Design and implement a complete ETL → DWH pipeline,Builds a simple ETL pipeline loading data into a warehouse.,"Automates ingestion, transformation, and schema design workflows.","Designs enterprise-grade ETL/DWH systems with orchestration, CI/CD, and monitoring.",
,"Ingest from multiple sources (files, APIs, database extracts)",Extracts data manually from diverse sources.,Builds automated ingestion pipelines from multiple origins.,"Designs scalable, fault-tolerant ingestion frameworks with incremental updates.",
,Load into staging layer → apply transformations → load curated data,Implements basic staging and transformation sequence.,Automates multi-layer ETL with logging and checkpoints.,"Designs modular, metadata-driven multi-stage pipelines with recovery logic.",
,Build star schema with fact & dimension tables,Creates fact and dimension tables manually.,Builds star schemas programmatically within pipelines.,Designs dynamic schema generation with surrogate keys and conformed dimensions.,
,Implement SCD for selected dimensions,Handles SCD Type 1 updates.,Implements SCD Type 2 logic in transformation layers.,Automates multi-type SCD handling using frameworks or CDC.,
,Add partitioning & materialized views for optimization,Adds partitions manually for performance.,Automates partition creation and manages refreshable materialized views.,Designs self-tuning partition and materialized view strategies for query optimization.,
,Deploy pipeline with orchestration (Airflow/Prefect/dbt),Orchestrates ETL steps manually or with simple schedulers.,Builds DAGs in Airflow or Prefect for dependency management.,"Designs production-grade orchestration with task retries, lineage, and dynamic DAG generation.",
,"Demonstrate lineage tracking, logging, monitoring, and RBAC",Logs and documents job runs manually.,Integrates logging and RBAC into orchestration tools.,"Builds fully auditable, monitored pipelines integrated with centralized lineage tools.",
,Deploy on Snowflake or Redshift (simulate cost/performance trade-offs),Runs basic ETL and queries on cloud data warehouse.,Compares performance and cost trade-offs between configurations.,"Designs optimized, scalable cloud DWH deployments balancing cost, concurrency, and performance.",
Data Pipeline Orchestration,Data Pipeline Orchestration,,,,
,A. Concepts,,,,
,Task dependency management,Understands how to define and order dependent tasks in a workflow.,Designs pipelines with clear dependencies and failure isolation.,Builds dynamic task dependency graphs that adapt to data conditions and runtime parameters.,
,"Scheduling (time-based, event-based)",Configures simple time-based schedules for recurring jobs.,Implements event-triggered workflows based on file arrival or upstream events.,Designs hybrid scheduling combining time-based and event-driven orchestration with data-aware triggers.,
,"Retries, error handling, SLAs",Implements basic retry logic for failed tasks.,"Configures retries, alerts, and SLAs for pipeline reliability.","Designs resilient workflows with exponential backoff, circuit breakers, and SLA-driven escalation policies.",
,B. Best Practices,,,,
,Modular/reusable pipelines,Writes standalone ETL scripts for individual data jobs.,"Builds reusable, parameterized components for multiple pipelines.",Designs modular pipeline frameworks supporting dynamic DAG generation and task templating.,
,Parameterization & configuration management,Uses hardcoded parameters in pipeline scripts.,Externalizes configurations through files or environment variables.,Implements centralized configuration management with secrets handling and environment-specific overrides.,
,Monitoring & alerting,Checks job runs manually for success or failure.,Configures alerts and dashboards for failed or delayed tasks.,Integrates real-time monitoring with observability stacks and predictive failure detection.,
,C. Tools,,,,
,"Airflow, Prefect, Dagster (no need for deep dive), DBT basics",Understands what orchestration tools do and their common use cases.,"Builds and runs basic DAGs or flows using Airflow, Prefect, or DBT for transformations.","Designs production-ready orchestration setups with modular DAGs, versioning, and CI/CD integration.",
Batch and Stream Processing,Batch and Stream Processing,,,,
,A. Batch,,,,
,Periodic ingestion & processing,Schedules simple batch jobs to run at fixed intervals.,Implements incremental batch updates with checkpoints or watermarks.,Designs dynamic batch processing with adaptive scheduling based on data volume or event triggers.,
,"File-based ingestion (CSV, JSON, Parquet)",Reads and processes standard file formats for batch ETL.,Automates file ingestion with schema detection and error handling.,Designs scalable file ingestion systems with distributed processing and metadata tracking.,
,Error handling & retry mechanisms,Handles ingestion failures manually or via basic logging.,Implements automated retries and error notifications.,"Designs robust failure handling with retry queues, dead-letter systems, and state recovery mechanisms.",
,B. Streaming,,,,
,Event-driven architecture,Understands the concept of event producers and consumers.,Builds basic event-driven data flows reacting to upstream changes.,"Designs large-scale, loosely coupled event-driven systems supporting complex streaming topologies.",
,"Message queues & brokers (Kafka, Kinesis, Pub/Sub, Spark Streaming)",Understands the purpose of message brokers for data streaming.,Configures producers and consumers to handle simple message streams.,"Designs scalable, fault-tolerant streaming architectures with partitioning, offsets, and delivery guarantees.",
,Real-time vs near-real-time pipelines,Knows the conceptual difference between real-time and near-real-time processing.,Implements near-real-time pipelines using mini-batches or micro-batching.,Designs low-latency streaming pipelines optimized for exactly-once or at-least-once delivery.,
,Event-time vs processing-time,Understands what event-time and processing-time mean in streaming.,Implements time windowing and watermarking based on event timestamps.,Designs advanced streaming systems handling out-of-order and late-arriving data with accuracy.,
Distributed Engines,Distributed Engines,,,,
,A. Core Concepts,,,,
,"Why distributed processing is needed (scale, fault-tolerance, retries)",Understands why large datasets require distributed computing for performance.,"Explains fault-tolerance, retries, and scaling principles in distributed systems.","Designs scalable, fault-tolerant pipelines that self-recover from node or task failures.",
,MapReduce paradigm (transformations vs actions),Understands how MapReduce splits and aggregates data.,Applies transformation vs action concepts in Spark or Dask pipelines.,Designs optimized DAGs that minimize shuffling and maximize lazy evaluation efficiency.,
,Idempotency in pipelines,Understands idempotency and why it’s critical for reliable pipelines.,Implements idempotent ETL jobs to avoid duplicate processing.,Designs end-to-end idempotent systems with checkpointing and deduplication logic.,
,Partitioning & shuffling,Knows what partitioning and shuffling mean in distributed computing.,Uses partitioning to improve data locality and reduce shuffling overhead.,Designs optimal partitioning strategies for large-scale joins and aggregations.,
,B. Usage in Pipelines,,,,
,Batch processing at scale,Runs distributed batch jobs on large datasets.,Optimizes resource utilization for batch transformations.,"Designs auto-scaling, resilient batch pipelines handling terabytes or petabytes of data.",
,Real-time event handling,Understands how streaming jobs process data continuously.,Implements simple event-driven jobs using Spark Streaming or Flink.,Designs low-latency event-driven architectures with exactly-once guarantees.,
,Large-scale transformations & joins,Performs distributed joins and aggregations on partitioned data.,Optimizes joins and shuffles using broadcast and co-location techniques.,Designs large-scale transformation frameworks with adaptive query execution.,
,"Spark, Dask, Flink, Beam as examples",Knows what these frameworks are and their basic use cases.,Uses Spark or Dask for distributed batch and streaming jobs.,Selects and tunes distributed engines based on workload and cost trade-offs.,
,Idempotency in pipelines,Ensures reruns of jobs do not duplicate results.,Implements checkpoints and job state management.,Designs fully idempotent distributed systems with lineage and recovery metadata.,
,Message queue design patterns,Understands producer-consumer messaging flow.,"Implements message queue patterns (pub/sub, fan-out, work queues).",Designs scalable message-driven data architectures integrating multiple brokers.,
,Scalability and performance tuning,Adjusts basic cluster parameters for performance.,Tunes Spark/Dask parameters for memory and shuffle efficiency.,Designs auto-scaling and resource-optimized distributed data infrastructures.,
Data Extraction,Data Extraction,,,,
,A. API Extraction,,,,
,"REST APIs, GraphQL basics (Understanding CRUD)",Understands API endpoints and performs basic CRUD operations.,Integrates REST/GraphQL APIs into ETL workflows for ingestion.,"Designs modular API connectors supporting pagination, retries, and schema evolution.",
,"Authentication and Authorization (API keys, OAuth, JWT)",Uses API keys for authenticated requests.,Implements OAuth 2.0 or JWT for secure integrations.,Designs secure multi-tenant authentication with token refresh and secret rotation.,
,"Pagination, Filtering, rate-limiting",Handles paginated API responses manually.,Implements automated pagination and rate-limit handling.,Designs scalable API ingestion frameworks respecting quotas and concurrency limits.,
,B. File-based Extraction,,,,
,FTP/SFTP access,Connects to remote servers and transfers files securely.,Automates scheduled file ingestion from SFTP servers.,Designs resilient file ingestion with checksum validation and retry logic.,
,"Handling large CSV/JSON/XML files, Parquet, Avro",Reads and parses standard file formats for ingestion.,Handles schema inference and type consistency during ingestion.,"Designs distributed file ingestion systems with chunking, compression, and schema validation.",
,Exposing warehouse/analytics data as APIs,Understands how to expose data via APIs.,Builds simple endpoints serving warehouse data securely.,"Designs scalable, parameterized APIs integrated with access control and caching.",
,Using FastAPI/Flask to serve data securely,Uses FastAPI or Flask for basic data-serving endpoints.,Implements token-based authentication and logging.,"Designs secure, production-grade API layers with role-based access and monitoring.",
,C. Tools,,,,
,"Using off-the-shelf connectors (Airbyte, Fivetran)",Uses built-in connectors for basic ingestion tasks.,Configures connectors for automated incremental loads.,Designs and manages connector-based ingestion at scale with cost and governance controls.,
,Designing resilient ingestion frameworks,Writes scripts to handle simple ingestion failures.,Implements retries and checkpointing for ingestion reliability.,"Designs fault-tolerant ingestion architectures with monitoring, deduplication, and schema validation.",
Data Quality and Governance,Data Quality and Governance,,,,
,1. Data Validation & Checks,,,,
,A. Basic Data Validations,,,,
,"Null checks, range checks, uniqueness checks",Implements simple validation rules for datasets.,Automates validation within ETL or orchestration pipelines.,Designs reusable validation layers integrated with metadata-driven frameworks.,
,Deduplication and null handling,Identifies and removes duplicates manually.,Builds deduplication logic using keys or hashing.,Implements scalable deduplication with fuzzy matching and lineage tracking.,
,Referential integrity (foreign key consistency),Ensures data consistency between related tables.,Automates referential integrity checks during loads.,Designs frameworks to monitor and enforce referential integrity dynamically.,
,B. Schema Validation,,,,
,Data types and constraints,Validates column data types during ingestion.,Automates schema checks between producers and consumers.,Implements schema evolution management and contract enforcement at scale.,
,Schema contracts between producers and consumers,Understands need for schema consistency.,Defines schema contracts manually between teams.,Uses schema registries to enforce producer-consumer compatibility automatically.,
,Enforcing data contracts in pipelines,Manually validates data structures.,Automates contract validation via dbt or orchestration tools.,"Designs full data contract enforcement with alerts, versioning, and rollback mechanisms.",
,C. Unit Tests for Data,,,,
,dbt tests,Runs basic dbt tests for schema and value checks.,Extends dbt tests with custom assertions and thresholds.,Designs automated test suites integrated with CI/CD and lineage tracking.,
,Great Expectations basics,Uses Great Expectations for simple data validation.,"Builds expectations covering completeness, accuracy, and range checks.","Integrates Great Expectations with orchestration, lineage, and data observability stacks.",
,"Expectations/validations in orchestration tools (e.g., Airflow, Dagster)",Adds simple validations in DAG tasks.,Uses task-level checks for schema and value consistency.,Designs pipeline-level validation frameworks embedded into orchestration DAGs.,
,2. Monitoring & Observability,,,,
,A. Data Drift & Anomaly Detection,Understands the concept of data drift.,Monitors volume or range anomalies in production datasets.,Designs ML-based drift detection and anomaly alerting integrated with dashboards.,
,"Monitoring changes in distributions, ranges, and patterns",Tracks data summaries periodically.,Automates monitoring of statistical changes.,Implements dynamic anomaly detection models for continuous monitoring.,
,"Automated alerts for anomalies (volume, schema, values)",Sets up manual alerts for data anomalies.,Configures automated alerting for deviations.,Designs predictive alerting with context-aware thresholds and suppression logic.,
,B. Profiling & Summarization,,,,
,"Tools for profiling datasets (e.g., Pandas Profiling, Great Expectations, dbt source freshness)",Uses profiling tools to understand dataset characteristics.,Builds data summaries for quality assessment.,Automates profiling and integrates freshness checks into pipeline monitoring.,
,Building baseline statistics for monitoring quality,Captures descriptive statistics for datasets.,Defines thresholds for expected data behavior.,Automates baseline comparison and quality scoring across pipeline stages.,
,3. Governance & Compliance,,,,
,A. Data Quality Measurement,,,,
,"Defining and tracking data quality metrics (completeness, accuracy, timeliness, validity, consistency, uniqueness)",Defines core quality dimensions and tracks basic metrics.,Implements dashboards for data quality KPIs.,Designs enterprise DQ frameworks aligned with SLIs and SLAs for all pipelines.,
,Service-level indicators (SLIs) and SLAs for data pipelines,Understands what SLIs and SLAs represent.,Tracks SLIs for key data workflows.,Implements SLA-driven pipeline management with automated alerts and reporting.,
,B. Data Lineage & Auditability,,,,
,Capturing data lineage in orchestration tools or catalogs,Tracks data flow manually or via basic notes.,Uses built-in lineage features in orchestration tools.,Designs automated lineage capture and visualization integrated with metadata systems.,
,Audit logging for changes and access,Logs data access and modification manually.,Implements automated audit logs for key operations.,Designs full audit frameworks meeting compliance and governance standards.,
,C. Catalogs & Documentation,,,,
,"Data catalogs for discoverability (e.g., Amundsen, DataHub, Collibra)",Uses catalogs to browse datasets and metadata.,Documents datasets with ownership and usage notes.,Designs enterprise metadata catalogs integrated with lineage and quality tools.,
,Metadata management and ownership tagging,Adds metadata manually to datasets.,Tags data assets with owners and sensitivity levels.,Automates metadata management with APIs and governance policies.,
,D. Security & Privacy,,,,
,Encryption in transit and at rest,Understands basic encryption principles.,Implements encryption for sensitive data in storage and transfers.,Designs enterprise-level encryption strategies integrated with key management systems.,
,"Handling of PII and sensitive data (masking, tokenization, GDPR/CCPA compliance)",Identifies PII fields and masks them manually.,Implements masking and tokenization where required.,Designs privacy-aware architectures ensuring compliance with GDPR/CCPA through automation.,
Containerization & CI/CD for Data Pipelines,Containerization & CI/CD for Data Pipelines,,,,
,1. Version Control & Collaboration,,,,
,"Git fundamentals (commits, branching strategies, pull requests)","Understands Git basics—commits, pushes, and merges.",Uses feature branching and pull requests for collaborative workflows.,"Designs Git branching strategies (GitFlow, trunk-based) aligned with CI/CD automation.",
,Code review best practices for data teams,Participates in basic code reviews and feedback loops.,Reviews ETL and data pipeline code for quality and performance.,"Establishes peer review standards focusing on data correctness, maintainability, and governance.",
,2. Containerization,,,,
,A. Docker Basics,,,,
,Writing Dockerfiles,Writes simple Dockerfiles for Python or ETL scripts.,Configures builds with environment variables and dependencies.,"Designs optimized, parameterized Dockerfiles for multiple services and environments.",
,Building & running containers,Builds and runs local containers with Docker CLI.,Manages multi-container setups using Docker Compose.,Automates container builds and orchestrates distributed services in CI/CD.,
,Dependency packaging for reproducibility,Packages dependencies manually inside containers.,Uses requirements.txt or poetry for consistent builds.,Implements dependency pinning and caching strategies for reproducible environments.,
,Managing environment consistency across dev/staging/prod,Understands importance of consistent environments.,Uses environment variables and configuration files for multi-env setups.,Designs fully reproducible deployments with container registries and IaC integration.,
,B. Best Practices,,,,
,"Small, layered images",Knows to minimize image size for faster builds.,Uses layered builds and clean-up commands to reduce bloat.,"Designs minimal, security-hardened images with custom base layers.",
,Using .dockerignore,Adds .dockerignore to exclude unnecessary files.,Optimizes build context to improve speed.,Automates context optimization in build pipelines for large projects.,
,Multi-stage builds for efficiency,Understands concept of multi-stage Docker builds.,"Uses multi-stage builds for smaller, cleaner images.",Designs advanced multi-stage workflows integrating build caching and CI/CD artifacts.,
,3. Continuous Integration (CI),,,,
,"A. Setting up CI pipelines (GitHub Actions, GitLab CI, Jenkins)",Configures simple automated test workflows.,Builds multi-step CI pipelines for testing and linting.,"Designs scalable, environment-aware CI workflows with caching and parallelization.",
,B. Automated testing,Runs manual tests before deployment.,Integrates unit and data tests in CI workflows.,Designs automated test suites with coverage reports and failure isolation.,
,Linting & style checks,"Uses code formatters manually (e.g., black, flake8).",Automates linting in CI pipelines for consistent style.,Enforces code quality gates and metrics in automated CI checks.,
,Unit & integration tests for pipelines,Writes basic unit tests for Python ETL code.,Adds integration tests for pipeline workflows.,"Designs complete test hierarchies with mocks, fixtures, and data contracts.",
,"Data-specific tests (e.g., dbt tests, Great Expectations)",Runs dbt or Great Expectations checks manually.,Integrates data validation tests into automated CI.,Designs continuous data testing frameworks embedded in pipelines.,
,"Artifact building (Docker images, wheels, or Python packages)",Builds artifacts manually for deployment.,Automates artifact builds as part of CI workflows.,Designs artifact versioning and promotion workflows between environments.,
,4. Continuous Deployment (CD),,,,
,"Deployment pipelines for data pipelines & orchestration tools (Airflow, Prefect, Dagster)",Deploys pipelines manually to environments.,Automates deployments for orchestration tools.,Designs fully automated deployments with blue-green or rolling strategies.,
,Rollback strategies for failed deployments,Manually reverts faulty deployments.,Implements rollback triggers within CD workflows.,Designs automated rollback and versioned deployment recovery systems.,
,"Secrets management in CI/CD (Vault, AWS SSM, GCP Secret Manager)",Stores secrets in environment variables.,Uses secret managers in CI/CD securely.,Designs centralized secret governance with rotation and access auditing.,
,"Infrastructure as Code (Terraform, CloudFormation) for reproducible deployments",Understands IaC basics for reproducibility.,Uses Terraform or CloudFormation for resource provisioning.,Designs end-to-end automated infra provisioning integrated with CI/CD and policy enforcement.,
,5. Monitoring & Operations,,,,
,"Logs, metrics, and alerting for deployed pipelines",Monitors logs manually for job health.,Configures alerting for failed or slow jobs.,Designs observability-driven monitoring with SLOs and integrated dashboards.,
,Health checks for containerized services,Configures simple health endpoints in containers.,Uses health probes for container orchestration tools.,Designs automated health monitoring and self-healing systems in production.,
,"Observability integration (Prometheus, Grafana, ELK/EFK stacks)",Understands purpose of monitoring tools.,Integrates pipelines with centralized logging and dashboards.,Designs end-to-end observability stacks with alerting and trace correlation.,
Cloud Knowledge for Data Engineers,Cloud Knowledge for Data Engineers,,,,
,1. Conceptual Foundations,,,,
,A. Deployment Models,,,,
,Cloud vs On-Premise vs Traditional DBMS,Understands differences between cloud and on-premise architectures.,"Compares trade-offs of cost, scalability, and maintenance.",Designs hybrid or multi-cloud strategies balancing flexibility and compliance.,
,"Trade-offs: elasticity, maintenance, costs",Understands benefits of cloud elasticity and managed services.,Analyzes cost-performance trade-offs between deployment models.,"Designs cost-optimized, elastic architectures leveraging reserved capacity and spot instances.",
,Elasticity & Scaling,,,,
,Elastic scaling vs fixed capacity,Understands scaling fundamentals in compute systems.,Configures auto-scaling for workloads.,Designs dynamic scaling mechanisms based on predictive demand.,
,Auto-scaling basics (horizontal vs vertical scaling),Knows horizontal and vertical scaling concepts.,Implements auto-scaling rules for compute and storage.,Designs hybrid scaling systems leveraging serverless or distributed autoscaling.,
,Compute & Storage Separation,,,,
,Decoupling compute from storage (modern data lakehouse design),Understands the concept of separating compute and storage.,Uses cloud services that implement compute-storage separation.,"Designs lakehouse systems (e.g., Delta, Iceberg) leveraging decoupled compute/storage layers.",
,Pricing Models,,,,
,"Pay-per-use (serverless, storage, compute time)",Understands pricing principles of cloud services.,Estimates cost implications for workloads.,Designs optimized pricing models with automated cost monitoring.,
,"Reserved capacity & upfront licensing (VMs, clusters)",Understands reserved instance pricing.,Configures reserved or spot instances for predictable workloads.,Designs mixed compute strategies leveraging multiple pricing models efficiently.,
,Reliability & Availability,,,,
,"High availability (HA), fault tolerance, disaster recovery strategies",Understands HA and DR fundamentals.,Configures basic redundancy and backups for pipelines.,"Designs geo-redundant, automated failover systems ensuring business continuity.",
,2. Core Cloud Concepts,,,,
,Storage Types,,,,
,"Object storage vs block storage (use cases, trade-offs)",Knows difference between object and block storage.,Uses appropriate storage type for pipelines.,Designs multi-tier storage architectures optimizing cost and access.,
,"Storage lifecycle policies & tiered storage (hot, cold, archival)",Understands storage lifecycle stages.,Applies lifecycle policies for cost optimization.,Designs automated tiering strategies balancing access speed and cost.,
,Mounting cloud storage to compute workflows,Knows how to connect compute to storage buckets.,Mounts cloud storage in jobs or notebooks.,Designs scalable shared storage access for distributed jobs securely.,
,Compute Types,,,,
,"Serverless computing basics (AWS Lambda, GCP Cloud Functions, Azure Functions)",Understands event-driven serverless computing.,Implements small ETL or automation tasks with serverless functions.,"Designs serverless workflows for scalable, cost-efficient data processing.",
,"VM-based compute (EC2, GCE, Azure VMs)",Understands basic VM provisioning.,Configures VM resources for workloads.,"Designs autoscaled, fault-tolerant compute clusters for data pipelines.",
,"Managed services (Databricks, BigQuery, Redshift, Snowflake basics)",Knows popular managed data services and their purpose.,Uses one managed service for analytics workloads.,"Designs multi-service cloud ecosystems combining compute, storage, and orchestration.",
,Identity & Security,,,,
,Identity & Access Management (IAM) principles,Understands IAM and role-based access.,Configures roles and permissions for users or services.,Designs least-privilege access systems integrated with org-wide policies.,
,"Roles, policies, least privilege access",Applies roles manually to control access.,Designs custom IAM roles and policies.,Automates policy enforcement and periodic audits for compliance.,
,Secrets & key management,Understands storing secrets securely.,Uses cloud KMS or secret managers.,Designs enterprise key rotation and encrypted data-at-rest/in-transit policies.,
,3. Cloud Platforms,,,,
,Major Providers,,,,
,AWS / GCP / Azure — conceptual overview - AWS preferred (cloud practitioner),Understands basic cloud platform differences.,Gains hands-on experience with one provider.,Designs cloud-agnostic architectures using managed services across clouds.,
,Hands-On Skills (at least one provider),,,,
,"Storage services: S3, GCS, Azure Blob Storage",Uses object storage for file ingestion and backup.,Configures bucket lifecycle and access controls.,"Designs multi-region, policy-enforced storage architectures.",
,"Compute services: EC2, GCE, Azure VMs; Lambda / Functions",Launches basic compute instances or functions.,Automates compute provisioning via IaC tools.,"Designs scalable, event-driven compute clusters for hybrid data workloads.",
,"Networking basics (VPC, subnets, firewalls, endpoints)",Understands basic networking and connectivity.,Configures secure VPCs and endpoints for data pipelines.,"Designs secure, private network topologies integrating multiple cloud services.",
,"Managed data services (RDS, BigQuery, Redshift, Synapse)",Understands purpose of managed data warehouses.,Uses managed data services for analytical queries.,"Designs production-grade cloud data architectures combining warehouses, lakes, and orchestration tools.",
Gen AI and AI Agents for Data Pipelines,Gen AI and AI Agents for Data Pipelines,,,,
,A. Machine Learning & GenAI Foundations,,,,
,"Understands supervised and unsupervised learning basics (regression, classification, clustering).",Grasps core ML types and when to apply each.,Builds simple models using scikit-learn or similar libraries.,Designs end-to-end ML workflows integrated into data pipelines.,
,Applies feature selection and engineering for downstream ML tasks.,Performs manual feature cleaning and transformation.,Uses automated feature selection or encoding techniques.,"Designs scalable, reusable feature engineering modules across pipelines.",
,"Familiar with evaluation metrics (accuracy, precision, recall, F1, etc.) for model validation.",Understands key performance metrics for ML models.,Applies appropriate metrics per use case (classification vs regression).,Designs model evaluation frameworks with automated metric tracking and alerts.,
,"Deploys simple models via APIs (FastAPI, BentoML) for serving.",Deploys models manually as local services.,Serves models with versioned APIs and simple monitoring.,Designs scalable model-serving pipelines integrated with orchestration and CI/CD.,
,B. GenAI & AI Agents in Data Pipelines,,,,
,"Uses LLMs for SQL generation, code completion, and metadata search (via RAG).",Prompts LLMs for basic SQL and code generation.,Integrates LLM tools into ETL and metadata workflows.,Designs AI-assisted data platforms with contextual metadata and retrieval-based generation.,
,"Integrates vector databases (FAISS, Pinecone, etc.) with LLMs for semantic/embedding search.",Understands purpose of vector databases.,Builds prototypes combining embeddings with search queries.,Designs RAG-based semantic pipelines for enterprise data discovery and governance.,
,Implements auto-documentation of pipelines using AI-based tooling.,Uses AI tools to summarize data assets or pipelines.,Automates ETL documentation generation.,Designs self-documenting pipelines that maintain metadata via AI agents.,
,Embeds LLM-powered anomaly detection and monitoring in data workflows.,Uses AI for basic pattern detection or anomaly flagging.,Integrates LLM or ML models to monitor data quality in real time.,"Designs autonomous AI agents that detect, diagnose, and remediate data issues proactively.",
,C. GenAI / LLM Applications,,,,
,"Implements LLM-based tools and APIs (OpenAI, Anthropic, Hugging Face, Azure OpenAI).",Uses pre-built LLM APIs for basic text tasks.,Integrates LLM APIs into data or analytics pipelines.,Designs custom LLM integrations with secure prompt handling and governance.,
,"Applies prompt engineering and tuning for ETL, reporting, and analysis use cases.",Crafts simple prompts for data queries and summaries.,Tunes prompts to improve accuracy and relevance.,Designs prompt optimization frameworks for consistent LLM output across teams.,
,"Evaluates prompts, scales use cases, and adapts LLM outputs to business/data engineering workflows.",Tests prompts manually for specific tasks.,Tracks prompt performance and cost metrics.,Designs evaluated and governed LLM pipelines with feedback loops for continuous improvement.,
,Understands and applies retrieval-augmented generation (RAG) to improve data and knowledge accessibility.,Understands RAG concept and how it combines retrieval and generation.,Builds simple RAG flows for document search and summary.,Designs enterprise-level RAG systems integrating vector search and LLM orchestration.,
Visualization / Reporting,"Visualization, Reporting & Analysis",,,,
,A. Data Analysis,,,,
,"Performs exploratory and diagnostic analysis using Jupyter Notebook, Google Colab.",Performs basic EDA and visualization of datasets.,Builds structured analyses with clear narratives and reproducible code.,"Designs automated, parameterized notebooks for production-grade analysis pipelines.",
,"Uses pandas and NumPy for slicing, aggregating, joining, and transforming datasets.",Manipulates data efficiently with pandas and NumPy.,"Combines advanced joins, grouping, and window operations.",Optimizes data processing using vectorization and parallel processing techniques.,
,Builds reproducible workflows for ad hoc reporting and stakeholder requests.,Creates ad hoc reports from data extracts.,Structures reusable templates and scripts for recurring requests.,Designs automated reporting systems with versioning and parameterization.,
,Supports data validation and quality checks through analysis.,Manually checks data consistency and sanity.,Embeds validation logic into analytical scripts.,Designs analytical validation frameworks integrated with data quality tools.,
,B. Visualization & Reporting,,,,
,"Designs and develops dashboards and reports in BI tools (Power BI, Looker, Tableau).",Creates interactive dashboards for core metrics.,Builds multi-source dashboards with data transformations.,Designs enterprise-grade BI solutions with governance and performance monitoring.,
,"Connects BI tools to data sources (PostgreSQL, APIs, TimeXtender, etc.).",Connects dashboards to SQL databases or CSV files.,Integrates multiple live data sources into reports.,Designs data models and semantic layers for self-service BI connectivity.,
,"Defines metrics, KPIs, and semantic models for consistent reporting.",Understands core metric definitions.,Creates centralized KPI definitions across teams.,Designs semantic data models ensuring cross-dashboard metric consistency.,
,"Implements drill-downs, filters, and UX considerations for user-friendly analytics.",Adds basic interactivity to dashboards.,Designs intuitive layouts and user flows.,Creates advanced UX-optimized dashboards with role-based views and custom visuals.,
,Writes performant SQL queries to support dashboards and reports.,Writes basic queries for dashboard data sources.,Optimizes queries with joins and aggregations for performance.,Designs query layers and caching strategies for sub-second dashboard performance.,
,Builds custom visualizations and enables embedded analytics where needed.,Uses built-in visuals in BI tools.,"Customizes charts with Python, JavaScript, or DAX.",Designs embedded analytics solutions integrated with applications and APIs.,
,"Implements DAX functions, measures, and calculated columns in Power BI, manages permissions and access controls.",Uses basic DAX expressions for calculations.,Creates complex DAX measures and role-based permissions.,Designs governed semantic models with row-level security and optimized DAX performance.,
,Troubleshoots and optimizes dashboard performance for responsiveness and scalability.,Diagnoses slow dashboards manually.,Uses query profiling and visualization performance tools.,Designs optimized BI architectures supporting large-scale real-time analytics.,